"Status","Start Time","Stop Time","Duration in ms","Parent Suite","Suite","Sub Suite","Test Class","Test Method","Name","Description"
"passed","Fri May 27 13:03:06 GMT 2022","Fri May 27 13:03:06 GMT 2022","1","","Тесты сервиса OrderService","","com.sbt.pprb.qa.test_task.service.OrderServiceTest","canProcessBeverage","canProcessBeverage()",""
"passed","Fri May 27 13:03:06 GMT 2022","Fri May 27 13:03:06 GMT 2022","2","","Тесты сервиса OrderService","","com.sbt.pprb.qa.test_task.service.OrderServiceTest","canAddBalanceAndChangeAmountOf10To500","canAddBalanceAndChangeAmountOf10To500()",""
"passed","Fri May 27 13:03:04 GMT 2022","Fri May 27 13:03:04 GMT 2022","11","","Тесты репозитория BeverageVolumesRepository","","com.sbt.pprb.qa.test_task.repository.BeverageVolumesRepositoryTest","itShouldUpdatePriceAndVolumeAndModificationDate","itShouldUpdatePriceAndVolumeAndModificationDate()",""
"passed","Fri May 27 13:03:06 GMT 2022","Fri May 27 13:03:06 GMT 2022","1","","Тесты сервиса OrderService","","com.sbt.pprb.qa.test_task.service.OrderServiceTest","processBeverageThrowsIllegalArgumentException","processBeverageThrowsIllegalArgumentException()",""
"passed","Fri May 27 13:03:04 GMT 2022","Fri May 27 13:03:04 GMT 2022","29","","Тесты репозитория OrderBeveragesRepository","","com.sbt.pprb.qa.test_task.repository.OrderBeveragesRepositoryTest","itShouldNotFindBeveragesByNotExistingOrderIdSortedByCreationDateDesc","itShouldNotFindBeveragesByNotExistingOrderIdSortedByCreationDateDesc()",""
"passed","Fri May 27 13:03:04 GMT 2022","Fri May 27 13:03:04 GMT 2022","27","","Тесты репозитория OrderBeveragesRepository","","com.sbt.pprb.qa.test_task.repository.OrderBeveragesRepositoryTest","itShouldNotFindBeveragesByNotExistingOrderIdSortedByCreationDateAsc","itShouldNotFindBeveragesByNotExistingOrderIdSortedByCreationDateAsc()",""
"passed","Fri May 27 13:03:06 GMT 2022","Fri May 27 13:03:06 GMT 2022","2","","Тесты сервиса OrderService","","com.sbt.pprb.qa.test_task.service.OrderServiceTest","canCreateOrder","canCreateOrder()",""
"passed","Fri May 27 13:03:03 GMT 2022","Fri May 27 13:03:03 GMT 2022","7","","Тесты контроллера апи ApplicationInfoController","","com.sbt.pprb.qa.test_task.controller.api.ApplicationInfoControllerTest","itShouldReturnUnauthorizedOnDbConfigRequest","itShouldReturnUnauthorizedOnDbConfigRequest()",""
"passed","Fri May 27 13:03:04 GMT 2022","Fri May 27 13:03:04 GMT 2022","7","","Тесты репозитория OrdersRepository","","com.sbt.pprb.qa.test_task.repository.OrdersRepositoryTest","itShouldGetCorrectNextOrderNumberByOne","itShouldGetCorrectNextOrderNumberByOne()",""
"passed","Fri May 27 13:03:04 GMT 2022","Fri May 27 13:03:04 GMT 2022","49","","Тесты репозитория OrdersRepository","","com.sbt.pprb.qa.test_task.repository.OrdersRepositoryTest","itShouldFindOrdersByOwnerAndNotActiveAndSortedByCreatedDesc","itShouldFindOrdersByOwnerAndNotActiveAndSortedByCreatedDesc()",""
"passed","Fri May 27 13:03:06 GMT 2022","Fri May 27 13:03:06 GMT 2022","2","","Тесты сервиса OrderService","","com.sbt.pprb.qa.test_task.service.OrderServiceTest","addBeverageThrowsEntityNotFoundException_beverageVolume","addBeverageThrowsEntityNotFoundException_beverageVolume()",""
"passed","Fri May 27 13:03:06 GMT 2022","Fri May 27 13:03:06 GMT 2022","2","","Тесты сервиса OrderService","","com.sbt.pprb.qa.test_task.service.OrderServiceTest","canTakeBeverage","canTakeBeverage()",""
"passed","Fri May 27 13:03:06 GMT 2022","Fri May 27 13:03:06 GMT 2022","9","","Тесты сервиса OrderProcessingService","","com.sbt.pprb.qa.test_task.service.OrderProcessingServiceTest","throwsExceptionWhenRunJob","throwsExceptionWhenRunJob()",""
"passed","Fri May 27 13:03:02 GMT 2022","Fri May 27 13:03:02 GMT 2022","6","","Тесты контроллера апи OrderController","","com.sbt.pprb.qa.test_task.controller.api.OrderControllerTest","itShouldReturnUnauthorizedOnAddBeverageRequest","itShouldReturnUnauthorizedOnAddBeverageRequest()",""
"passed","Fri May 27 13:03:02 GMT 2022","Fri May 27 13:03:02 GMT 2022","8","","Тесты контроллера апи OrderController","","com.sbt.pprb.qa.test_task.controller.api.OrderControllerTest","itShouldRemoveBeverage","itShouldRemoveBeverage()",""
"passed","Fri May 27 13:03:06 GMT 2022","Fri May 27 13:03:06 GMT 2022","10","","Тесты сервиса OrderService","","com.sbt.pprb.qa.test_task.service.OrderServiceTest","addBeverageThrowsBeverageCantBeSelectedException","addBeverageThrowsBeverageCantBeSelectedException()",""
"passed","Fri May 27 13:03:06 GMT 2022","Fri May 27 13:03:06 GMT 2022","1","","Тесты сервиса BeverageService","","com.sbt.pprb.qa.test_task.service.BeverageServiceTest","canGetBeverages","canGetBeverages()",""
"passed","Fri May 27 13:03:03 GMT 2022","Fri May 27 13:03:03 GMT 2022","7","","Тесты контроллера апи ApplicationInfoController","","com.sbt.pprb.qa.test_task.controller.api.ApplicationInfoControllerTest","itShouldReturnDbConfig","itShouldReturnDbConfig()",""
"passed","Fri May 27 13:03:02 GMT 2022","Fri May 27 13:03:02 GMT 2022","19","","Тесты контроллера апи OrderController","","com.sbt.pprb.qa.test_task.controller.api.OrderControllerTest","itShouldReturnOrdersList","itShouldReturnOrdersList()",""
"passed","Fri May 27 13:03:06 GMT 2022","Fri May 27 13:03:06 GMT 2022","37","","Тесты сервиса OrderService","","com.sbt.pprb.qa.test_task.service.OrderServiceTest","processBeverageThrowsBeverageCantBeProcessedException","processBeverageThrowsBeverageCantBeProcessedException()",""
"passed","Fri May 27 13:03:04 GMT 2022","Fri May 27 13:03:04 GMT 2022","10","","Тесты репозитория OrdersRepository","","com.sbt.pprb.qa.test_task.repository.OrdersRepositoryTest","itShouldNotFindOrderByOwnerAndActive","itShouldNotFindOrderByOwnerAndActive()",""
"passed","Fri May 27 13:03:06 GMT 2022","Fri May 27 13:03:06 GMT 2022","1","","Тесты проверки создания контроллеров","","com.sbt.pprb.qa.test_task.VendingMachineApplicationTests","beverageControllerLoads","beverageControllerLoads()",""
"passed","Fri May 27 13:03:02 GMT 2022","Fri May 27 13:03:02 GMT 2022","9","","Тесты контроллера апи OrderController","","com.sbt.pprb.qa.test_task.controller.api.OrderControllerTest","itShouldReturnUnauthorizedOnOrderCreateRequest","itShouldReturnUnauthorizedOnOrderCreateRequest()",""
"passed","Fri May 27 13:03:02 GMT 2022","Fri May 27 13:03:02 GMT 2022","5","","Тесты контроллера апи OrderController","","com.sbt.pprb.qa.test_task.controller.api.OrderControllerTest","itShouldSubmitOrder","itShouldSubmitOrder()",""
"passed","Fri May 27 13:03:06 GMT 2022","Fri May 27 13:03:06 GMT 2022","1","","Тесты сервиса OrderService","","com.sbt.pprb.qa.test_task.service.OrderServiceTest","addBalanceThrowsEntityNotFoundException_order","addBalanceThrowsEntityNotFoundException_order()",""
"passed","Fri May 27 13:03:01 GMT 2022","Fri May 27 13:03:01 GMT 2022","7","","Тесты контроллера апи BeverageController","","com.sbt.pprb.qa.test_task.controller.api.BeverageControllerTest","itShouldAddAvailableVolume","itShouldAddAvailableVolume()",""
"passed","Fri May 27 13:03:06 GMT 2022","Fri May 27 13:03:06 GMT 2022","0","","Тесты сервиса UserService","","com.sbt.pprb.qa.test_task.service.UserServiceTest","canGetUserByUsername","canGetUserByUsername()",""
"passed","Fri May 27 13:03:06 GMT 2022","Fri May 27 13:03:06 GMT 2022","1","","Тесты сервиса OrderService","","com.sbt.pprb.qa.test_task.service.OrderServiceTest","canGetOrder","canGetOrder()",""
"passed","Fri May 27 13:03:04 GMT 2022","Fri May 27 13:03:04 GMT 2022","11","","Тесты репозитория BeverageVolumesRepository","","com.sbt.pprb.qa.test_task.repository.BeverageVolumesRepositoryTest","itShouldUpdateVolumeAndModificationDate","itShouldUpdateVolumeAndModificationDate()",""
"passed","Fri May 27 13:03:02 GMT 2022","Fri May 27 13:03:02 GMT 2022","7","","Тесты контроллера апи OrderController","","com.sbt.pprb.qa.test_task.controller.api.OrderControllerTest","itShouldProcessBeverage","itShouldProcessBeverage()",""
"passed","Fri May 27 13:02:53 GMT 2022","Fri May 27 13:02:55 GMT 2022","2212","","com.sbt.pprb.qa.test_task.batch.BeverageProcessingJobTest","","com.sbt.pprb.qa.test_task.batch.BeverageProcessingJobTest","givenBeverage_whenJobExecuted_thenSuccess","givenBeverage_whenJobExecuted_thenSuccess()",""
"passed","Fri May 27 13:03:06 GMT 2022","Fri May 27 13:03:06 GMT 2022","15","","Тесты сервиса ApplicationInfoService","","com.sbt.pprb.qa.test_task.service.ApplicationInfoServiceTest","canGetAppInfo","canGetAppInfo()",""
"passed","Fri May 27 13:03:06 GMT 2022","Fri May 27 13:03:06 GMT 2022","1","","Тесты сервиса BeverageService","","com.sbt.pprb.qa.test_task.service.BeverageServiceTest","canGetVolumes","canGetVolumes()",""
"passed","Fri May 27 13:03:04 GMT 2022","Fri May 27 13:03:04 GMT 2022","20","","Тесты репозитория BeveragesRepository","","com.sbt.pprb.qa.test_task.repository.BeveragesRepositoryTest","itShouldUpdateBeverageAvailableVolume","itShouldUpdateBeverageAvailableVolume()",""
"passed","Fri May 27 13:02:59 GMT 2022","Fri May 27 13:02:59 GMT 2022","108","","Тесты контроллера RegisterController","","com.sbt.pprb.qa.test_task.controller.mvc.RegisterControllerTest","itShouldCreateNewUser","itShouldCreateNewUser()",""
"passed","Fri May 27 13:03:02 GMT 2022","Fri May 27 13:03:02 GMT 2022","12","","Тесты контроллера апи OrderController","","com.sbt.pprb.qa.test_task.controller.api.OrderControllerTest","itShouldAddBalance","itShouldAddBalance()",""
"passed","Fri May 27 13:03:06 GMT 2022","Fri May 27 13:03:06 GMT 2022","3","","Тесты сервиса OrderService","","com.sbt.pprb.qa.test_task.service.OrderServiceTest","canGetFinishedOrders","canGetFinishedOrders()",""
"passed","Fri May 27 13:03:04 GMT 2022","Fri May 27 13:03:04 GMT 2022","12","","Тесты репозитория OrdersRepository","","com.sbt.pprb.qa.test_task.repository.OrdersRepositoryTest","itShouldDeleteActiveOrderByOwner","itShouldDeleteActiveOrderByOwner()",""
"passed","Fri May 27 13:03:06 GMT 2022","Fri May 27 13:03:06 GMT 2022","27","","Тесты сервиса UserDetailsServiceImpl","","com.sbt.pprb.qa.test_task.service.UserDetailsServiceImplTest","itShouldReturnUserDetails","itShouldReturnUserDetails()",""
"passed","Fri May 27 13:03:06 GMT 2022","Fri May 27 13:03:06 GMT 2022","4","","Тесты сервиса OrderService","","com.sbt.pprb.qa.test_task.service.OrderServiceTest","canDeleteOrder","canDeleteOrder()",""
"passed","Fri May 27 13:02:43 GMT 2022","Fri May 27 13:02:48 GMT 2022","4885","","com.sbt.pprb.qa.test_task.schedule.ScheduledTasksTest","","com.sbt.pprb.qa.test_task.schedule.ScheduledTasksTest","scheduledSelfPing","scheduledSelfPing()",""
"passed","Fri May 27 13:03:04 GMT 2022","Fri May 27 13:03:04 GMT 2022","111","","Тесты репозитория OrderBeveragesRepository","","com.sbt.pprb.qa.test_task.repository.OrderBeveragesRepositoryTest","itShouldFindBeveragesByExistingOrderIdUnsorted","itShouldFindBeveragesByExistingOrderIdUnsorted()",""
"passed","Fri May 27 13:03:06 GMT 2022","Fri May 27 13:03:06 GMT 2022","1","","Тесты сервиса OrderProcessingService","","com.sbt.pprb.qa.test_task.service.OrderProcessingServiceTest","canPassBeveragesToStatus","canPassBeveragesToStatus()",""
"passed","Fri May 27 13:02:59 GMT 2022","Fri May 27 13:02:59 GMT 2022","155","","Тесты контроллера RegisterController","","com.sbt.pprb.qa.test_task.controller.mvc.RegisterControllerTest","itShouldThrowUsernameAlreadyTakenException","itShouldThrowUsernameAlreadyTakenException()",""
"passed","Fri May 27 13:03:04 GMT 2022","Fri May 27 13:03:04 GMT 2022","9","","Тесты репозитория UsersRepository","","com.sbt.pprb.qa.test_task.repository.UsersRepositoryTest","itShouldNotFindUserByUsername","itShouldNotFindUserByUsername()",""
"passed","Fri May 27 13:03:02 GMT 2022","Fri May 27 13:03:02 GMT 2022","16","","Тесты контроллера апи OrderController","","com.sbt.pprb.qa.test_task.controller.api.OrderControllerTest","itShouldThrowInternalExceptionWhenDeletingFinishedOrders","itShouldThrowInternalExceptionWhenDeletingFinishedOrders()",""
"passed","Fri May 27 13:03:02 GMT 2022","Fri May 27 13:03:02 GMT 2022","3","","Тесты контроллера апи OrderController","","com.sbt.pprb.qa.test_task.controller.api.OrderControllerTest","itShouldReturnUnauthorizedOnResetBalanceRequest","itShouldReturnUnauthorizedOnResetBalanceRequest()",""
"passed","Fri May 27 13:03:02 GMT 2022","Fri May 27 13:03:02 GMT 2022","3","","Тесты контроллера апи OrderController","","com.sbt.pprb.qa.test_task.controller.api.OrderControllerTest","itShouldReturnUnauthorizedOnOrderRequest","itShouldReturnUnauthorizedOnOrderRequest()",""
"passed","Fri May 27 13:03:06 GMT 2022","Fri May 27 13:03:06 GMT 2022","1","","Тесты сервиса OrderProcessingService","","com.sbt.pprb.qa.test_task.service.OrderProcessingServiceTest","canProcessBeverage","canProcessBeverage()",""
"passed","Fri May 27 13:03:02 GMT 2022","Fri May 27 13:03:02 GMT 2022","6","","Тесты контроллера апи OrderController","","com.sbt.pprb.qa.test_task.controller.api.OrderControllerTest","itShouldReturnUnauthorizedOnProcessBeverageRequest","itShouldReturnUnauthorizedOnProcessBeverageRequest()",""
"passed","Fri May 27 13:03:03 GMT 2022","Fri May 27 13:03:03 GMT 2022","6","","Тесты контроллера апи ApplicationInfoController","","com.sbt.pprb.qa.test_task.controller.api.ApplicationInfoControllerTest","itShouldReturnUnauthorizedOnRestConfigRequest","itShouldReturnUnauthorizedOnRestConfigRequest()",""
"passed","Fri May 27 13:03:02 GMT 2022","Fri May 27 13:03:02 GMT 2022","8","","Тесты контроллера апи OrderController","","com.sbt.pprb.qa.test_task.controller.api.OrderControllerTest","itShouldReturnUnauthorizedOnRemoveBeverageRequest","itShouldReturnUnauthorizedOnRemoveBeverageRequest()",""
"passed","Fri May 27 13:03:02 GMT 2022","Fri May 27 13:03:02 GMT 2022","3","","Тесты контроллера апи OrderController","","com.sbt.pprb.qa.test_task.controller.api.OrderControllerTest","itShouldReturnUnauthorizedOnOrdersDeleteRequest","itShouldReturnUnauthorizedOnOrdersDeleteRequest()",""
"passed","Fri May 27 13:03:05 GMT 2022","Fri May 27 13:03:05 GMT 2022","10","","Тесты репозитория OrdersRepository","","com.sbt.pprb.qa.test_task.repository.OrdersRepositoryTest","itShouldFindOrderByOwnerAndActive","itShouldFindOrderByOwnerAndActive()",""
"passed","Fri May 27 13:03:06 GMT 2022","Fri May 27 13:03:06 GMT 2022","2","","Тесты сервиса OrderService","","com.sbt.pprb.qa.test_task.service.OrderServiceTest","canAddNewBeverage","canAddNewBeverage()",""
"passed","Fri May 27 13:03:06 GMT 2022","Fri May 27 13:03:06 GMT 2022","3","","Тесты проверки создания контроллеров","","com.sbt.pprb.qa.test_task.VendingMachineApplicationTests","registerControllerLoads","registerControllerLoads()",""
"passed","Fri May 27 13:03:02 GMT 2022","Fri May 27 13:03:02 GMT 2022","5","","Тесты контроллера апи OrderController","","com.sbt.pprb.qa.test_task.controller.api.OrderControllerTest","itShouldReturnUnauthorizedOnSelectIceRequest","itShouldReturnUnauthorizedOnSelectIceRequest()",""
"passed","Fri May 27 13:03:06 GMT 2022","Fri May 27 13:03:06 GMT 2022","1","","Тесты сервиса OrderService","","com.sbt.pprb.qa.test_task.service.OrderServiceTest","canSelectIce","canSelectIce()",""
"passed","Fri May 27 13:03:04 GMT 2022","Fri May 27 13:03:04 GMT 2022","6","","Тесты репозитория UsersRepository","","com.sbt.pprb.qa.test_task.repository.UsersRepositoryTest","itShouldFindExistingUserByUsername","itShouldFindExistingUserByUsername()",""
"passed","Fri May 27 13:02:59 GMT 2022","Fri May 27 13:02:59 GMT 2022","9","","Тесты контроллера RegisterController","","com.sbt.pprb.qa.test_task.controller.mvc.RegisterControllerTest","itShouldReturnRegisterPage","itShouldReturnRegisterPage()",""
"passed","Fri May 27 13:02:59 GMT 2022","Fri May 27 13:02:59 GMT 2022","11","","Тесты фильтров запросов (SecurityConfig)","","com.sbt.pprb.qa.test_task.controller.mvc.SecurityFiltersTest","itShouldReturnRegisterPage","itShouldReturnRegisterPage()",""
"passed","Fri May 27 13:03:02 GMT 2022","Fri May 27 13:03:02 GMT 2022","50","","Тесты контроллера апи OrderController","","com.sbt.pprb.qa.test_task.controller.api.OrderControllerTest","itShouldAddBeverage","itShouldAddBeverage()",""
"passed","Fri May 27 13:03:06 GMT 2022","Fri May 27 13:03:06 GMT 2022","5","","Тесты сервиса ApplicationInfoService","","com.sbt.pprb.qa.test_task.service.ApplicationInfoServiceTest","canGetRestConfig","canGetRestConfig()",""
"passed","Fri May 27 13:03:06 GMT 2022","Fri May 27 13:03:06 GMT 2022","1","","Тесты сервиса ApplicationInfoService","","com.sbt.pprb.qa.test_task.service.ApplicationInfoServiceTest","canGetDbConfig","canGetDbConfig()",""
"passed","Fri May 27 13:03:06 GMT 2022","Fri May 27 13:03:06 GMT 2022","2","","Тесты сервиса OrderService","","com.sbt.pprb.qa.test_task.service.OrderServiceTest","canTakeLastBeverage","canTakeLastBeverage()",""
"passed","Fri May 27 13:03:02 GMT 2022","Fri May 27 13:03:02 GMT 2022","5","","Тесты контроллера апи OrderController","","com.sbt.pprb.qa.test_task.controller.api.OrderControllerTest","itShouldReturnNoContentWhenDeletingFinishedOrders","itShouldReturnNoContentWhenDeletingFinishedOrders()",""
"passed","Fri May 27 13:02:57 GMT 2022","Fri May 27 13:02:57 GMT 2022","274","","Тесты контроллера HomeController","","com.sbt.pprb.qa.test_task.controller.mvc.HomeControllerTest","itShouldReturnMainPage","itShouldReturnMainPage()",""
"passed","Fri May 27 13:03:06 GMT 2022","Fri May 27 13:03:06 GMT 2022","1","","Тесты сервиса OrderService","","com.sbt.pprb.qa.test_task.service.OrderServiceTest","canAddMoreBeverage","canAddMoreBeverage()",""
"passed","Fri May 27 13:03:06 GMT 2022","Fri May 27 13:03:06 GMT 2022","2","","Тесты сервиса OrderService","","com.sbt.pprb.qa.test_task.service.OrderServiceTest","canGetActiveOrder","canGetActiveOrder()",""
"passed","Fri May 27 13:03:02 GMT 2022","Fri May 27 13:03:02 GMT 2022","14","","Тесты контроллера апи OrderController","","com.sbt.pprb.qa.test_task.controller.api.OrderControllerTest","itShouldReturnOrder","itShouldReturnOrder()",""
"passed","Fri May 27 13:03:06 GMT 2022","Fri May 27 13:03:06 GMT 2022","2","","Тесты сервиса OrderService","","com.sbt.pprb.qa.test_task.service.OrderServiceTest","cantDeleteFinishedOrders","cantDeleteFinishedOrders()",""
"passed","Fri May 27 13:03:06 GMT 2022","Fri May 27 13:03:06 GMT 2022","2","","Тесты сервиса OrderService","","com.sbt.pprb.qa.test_task.service.OrderServiceTest","addBeverageThrowsEntityNotFoundException_order","addBeverageThrowsEntityNotFoundException_order()",""
"passed","Fri May 27 13:03:06 GMT 2022","Fri May 27 13:03:06 GMT 2022","3","","Тесты сервиса OrderService","","com.sbt.pprb.qa.test_task.service.OrderServiceTest","canResetBalance","canResetBalance()",""
"passed","Fri May 27 13:03:04 GMT 2022","Fri May 27 13:03:04 GMT 2022","40","","Тесты репозитория OrdersRepository","","com.sbt.pprb.qa.test_task.repository.OrdersRepositoryTest","itShouldNotDeleteNotActiveOrdersByOwner","itShouldNotDeleteNotActiveOrdersByOwner()",""
"passed","Fri May 27 13:03:06 GMT 2022","Fri May 27 13:03:06 GMT 2022","1","","Тесты сервиса OrderService","","com.sbt.pprb.qa.test_task.service.OrderServiceTest","resetBalanceThrowsEntityNotFoundException_order","resetBalanceThrowsEntityNotFoundException_order()",""
"passed","Fri May 27 13:03:02 GMT 2022","Fri May 27 13:03:02 GMT 2022","11","","Тесты контроллера апи OrderController","","com.sbt.pprb.qa.test_task.controller.api.OrderControllerTest","itShouldCreateOrder","itShouldCreateOrder()",""
"passed","Fri May 27 13:03:02 GMT 2022","Fri May 27 13:03:02 GMT 2022","6","","Тесты контроллера апи OrderController","","com.sbt.pprb.qa.test_task.controller.api.OrderControllerTest","itShouldSelectIce","itShouldSelectIce()",""
"passed","Fri May 27 13:03:04 GMT 2022","Fri May 27 13:03:04 GMT 2022","13","","Тесты репозитория BeverageVolumesRepository","","com.sbt.pprb.qa.test_task.repository.BeverageVolumesRepositoryTest","itShouldUpdatePriceAndModificationDate","itShouldUpdatePriceAndModificationDate()",""
"passed","Fri May 27 13:03:06 GMT 2022","Fri May 27 13:03:06 GMT 2022","100","","Тесты сервиса UserService","","com.sbt.pprb.qa.test_task.service.UserServiceTest","canCreateUser","canCreateUser()",""
"passed","Fri May 27 13:03:04 GMT 2022","Fri May 27 13:03:04 GMT 2022","46","","Тесты репозитория OrdersRepository","","com.sbt.pprb.qa.test_task.repository.OrdersRepositoryTest","itShouldFindOrdersByOwnerAndNotActiveAndSortedByCreatedAsc","itShouldFindOrdersByOwnerAndNotActiveAndSortedByCreatedAsc()",""
"passed","Fri May 27 13:03:03 GMT 2022","Fri May 27 13:03:03 GMT 2022","5","","Тесты контроллера апи ApplicationInfoController","","com.sbt.pprb.qa.test_task.controller.api.ApplicationInfoControllerTest","itShouldReturnAppInfo","itShouldReturnAppInfo()",""
"passed","Fri May 27 13:03:06 GMT 2022","Fri May 27 13:03:06 GMT 2022","2","","Тесты проверки создания контроллеров","","com.sbt.pprb.qa.test_task.VendingMachineApplicationTests","orderControllerLoads","orderControllerLoads()",""
"passed","Fri May 27 13:03:04 GMT 2022","Fri May 27 13:03:04 GMT 2022","29","","Тесты репозитория OrdersRepository","","com.sbt.pprb.qa.test_task.repository.OrdersRepositoryTest","itShouldFindOrdersByOwnerAndNotActiveAndUnsorted","itShouldFindOrdersByOwnerAndNotActiveAndUnsorted()",""
"passed","Fri May 27 13:03:02 GMT 2022","Fri May 27 13:03:02 GMT 2022","11","","Тесты контроллера апи OrderController","","com.sbt.pprb.qa.test_task.controller.api.OrderControllerTest","itShouldResetBalance","itShouldResetBalance()",""
"passed","Fri May 27 13:03:06 GMT 2022","Fri May 27 13:03:06 GMT 2022","102","","Тесты сервиса UserService","","com.sbt.pprb.qa.test_task.service.UserServiceTest","willThrowWhenUsernameIsTaken","willThrowWhenUsernameIsTaken()",""
"passed","Fri May 27 13:03:06 GMT 2022","Fri May 27 13:03:06 GMT 2022","1","","Тесты сервиса BeverageService","","com.sbt.pprb.qa.test_task.service.BeverageServiceTest","canAddVolume","canAddVolume()",""
"passed","Fri May 27 13:03:06 GMT 2022","Fri May 27 13:03:06 GMT 2022","2","","Тесты сервиса OrderService","","com.sbt.pprb.qa.test_task.service.OrderServiceTest","canSubmitOrder","canSubmitOrder()",""
"passed","Fri May 27 13:03:01 GMT 2022","Fri May 27 13:03:01 GMT 2022","50","","Тесты контроллера апи BeverageController","","com.sbt.pprb.qa.test_task.controller.api.BeverageControllerTest","itShouldReturnBeverages","itShouldReturnBeverages()",""
"passed","Fri May 27 13:03:02 GMT 2022","Fri May 27 13:03:02 GMT 2022","8","","Тесты контроллера апи OrderController","","com.sbt.pprb.qa.test_task.controller.api.OrderControllerTest","itShouldDeleteOrder","itShouldDeleteOrder()",""
"passed","Fri May 27 13:02:59 GMT 2022","Fri May 27 13:02:59 GMT 2022","259","","Тесты фильтров запросов (SecurityConfig)","","com.sbt.pprb.qa.test_task.controller.mvc.SecurityFiltersTest","itShouldAddHintHeaders","itShouldAddHintHeaders()",""
"passed","Fri May 27 13:03:06 GMT 2022","Fri May 27 13:03:06 GMT 2022","1","","Тесты сервиса OrderService","","com.sbt.pprb.qa.test_task.service.OrderServiceTest","getOrderThrowsEntityNotFoundException","getOrderThrowsEntityNotFoundException()",""
"passed","Fri May 27 13:03:04 GMT 2022","Fri May 27 13:03:04 GMT 2022","8","","Тесты репозитория BeverageVolumesRepository","","com.sbt.pprb.qa.test_task.repository.BeverageVolumesRepositoryTest","itShouldFindBeverageVolumesByBeverage","itShouldFindBeverageVolumesByBeverage()",""
"passed","Fri May 27 13:03:06 GMT 2022","Fri May 27 13:03:06 GMT 2022","1","","Тесты сервиса OrderService","","com.sbt.pprb.qa.test_task.service.OrderServiceTest","canRemoveBeverage","canRemoveBeverage()",""
"passed","Fri May 27 13:02:59 GMT 2022","Fri May 27 13:02:59 GMT 2022","11","","Тесты контроллера RegisterController","","com.sbt.pprb.qa.test_task.controller.mvc.RegisterControllerTest","itShouldReturnUnauthorizedWhenRequestRegisterPage","itShouldReturnUnauthorizedWhenRequestRegisterPage()",""
"passed","Fri May 27 13:03:02 GMT 2022","Fri May 27 13:03:02 GMT 2022","8","","Тесты контроллера апи OrderController","","com.sbt.pprb.qa.test_task.controller.api.OrderControllerTest","itShouldReturnUnauthorizedOnOrderDeleteRequest","itShouldReturnUnauthorizedOnOrderDeleteRequest()",""
"passed","Fri May 27 13:03:02 GMT 2022","Fri May 27 13:03:02 GMT 2022","6","","Тесты контроллера апи OrderController","","com.sbt.pprb.qa.test_task.controller.api.OrderControllerTest","itShouldReturnNotFoundWhenNoActiveOrder","itShouldReturnNotFoundWhenNoActiveOrder()",""
"passed","Fri May 27 13:03:06 GMT 2022","Fri May 27 13:03:06 GMT 2022","1","","Тесты сервиса OrderService","","com.sbt.pprb.qa.test_task.service.OrderServiceTest","addBalanceThrowsFakeCoinException","addBalanceThrowsFakeCoinException()",""
"passed","Fri May 27 13:03:01 GMT 2022","Fri May 27 13:03:01 GMT 2022","5","","Тесты контроллера апи BeverageController","","com.sbt.pprb.qa.test_task.controller.api.BeverageControllerTest","itShouldReturnUnauthorizedOnAddAvailableVolumeRequest","itShouldReturnUnauthorizedOnAddAvailableVolumeRequest()",""
"passed","Fri May 27 13:03:03 GMT 2022","Fri May 27 13:03:03 GMT 2022","3","","Тесты контроллера апи ApplicationInfoController","","com.sbt.pprb.qa.test_task.controller.api.ApplicationInfoControllerTest","itShouldReturnUnauthorizedOnAppInfoRequest","itShouldReturnUnauthorizedOnAppInfoRequest()",""
"passed","Fri May 27 13:03:06 GMT 2022","Fri May 27 13:03:06 GMT 2022","1","","Тесты проверки создания контроллеров","","com.sbt.pprb.qa.test_task.VendingMachineApplicationTests","applicationInfoControllerLoads","applicationInfoControllerLoads()",""
"passed","Fri May 27 13:03:03 GMT 2022","Fri May 27 13:03:03 GMT 2022","4","","Тесты контроллера апи ApplicationInfoController","","com.sbt.pprb.qa.test_task.controller.api.ApplicationInfoControllerTest","itShouldReturnRestConfig","itShouldReturnRestConfig()",""
"passed","Fri May 27 13:03:06 GMT 2022","Fri May 27 13:03:06 GMT 2022","1","","Тесты проверки создания контроллеров","","com.sbt.pprb.qa.test_task.VendingMachineApplicationTests","homeControllerLoads","homeControllerLoads()",""
"passed","Fri May 27 13:03:02 GMT 2022","Fri May 27 13:03:02 GMT 2022","4","","Тесты контроллера апи OrderController","","com.sbt.pprb.qa.test_task.controller.api.OrderControllerTest","itShouldReturnUnauthorizedOnOrdersListRequest","itShouldReturnUnauthorizedOnOrdersListRequest()",""
"passed","Fri May 27 13:03:01 GMT 2022","Fri May 27 13:03:01 GMT 2022","6","","Тесты контроллера апи BeverageController","","com.sbt.pprb.qa.test_task.controller.api.BeverageControllerTest","itShouldReturnUnauthorizedOnBeveragesRequest","itShouldReturnUnauthorizedOnBeveragesRequest()",""
"passed","Fri May 27 13:03:02 GMT 2022","Fri May 27 13:03:02 GMT 2022","11","","Тесты контроллера апи OrderController","","com.sbt.pprb.qa.test_task.controller.api.OrderControllerTest","itShouldReturnUnauthorizedOnAddBalanceRequest","itShouldReturnUnauthorizedOnAddBalanceRequest()",""
"passed","Fri May 27 13:03:06 GMT 2022","Fri May 27 13:03:06 GMT 2022","1","","Тесты сервиса UserDetailsServiceImpl","","com.sbt.pprb.qa.test_task.service.UserDetailsServiceImplTest","itShouldThrowUsernameNotFoundException","itShouldThrowUsernameNotFoundException()",""
